{
  "project_info": {
    "project_number": "461614110131",
    "project_id": "holidayuk-f1fd5",
    "storage_bucket": "holidayuk-f1fd5.appspot.com"
  },
  "client": [
    {
      "client_info": {
        "mobilesdk_app_id": "1:461614110131:android:7cbe1fadb2052aa43027c6",
        "android_client_info": {
          "package_name": "com.example.holidayuk"
        }
      },
      "oauth_client": [
        {
          "client_id": "461614110131-jjvj30mrh58cu9173g5npklft8eminbk.apps.googleusercontent.com",
          "client_type": 1,
          "android_info": {
            "package_name": "com.example.holidayuk",
            "certificate_hash": "e9426a17ce3009cd36960751eea5f9fffef6e591"
          }
        },
        {
          "client_id": "461614110131-eu11kq3papjc7artm53bldudkaqt057e.apps.googleusercontent.com",
          "client_type": 3
        }
      ],
      "api_key": [
        {
          "current_key": "AIzaSyCC9o4BNaSJnuW0j9H5zz1g1n5nitLUH8I"
        }
      ],
      "services": {
        "appinvite_service": {
          "other_platform_oauth_client": [
            {
              "client_id": "461614110131-eu11kq3papjc7artm53bldudkaqt057e.apps.googleusercontent.com",
              "client_type": 3
            }
          ]
        }
      }
    }
  ],
  "configuration_version": "1"
}